{"episode_types": ["t", "t", "t", "t", "t", "t", "t", "t", "t", "t", "t", "t", "t", "t", "t", "t", "t", "t", "t", "t", "t", "t", "t", "t", "t", "t", "t", "t", "t", "t", "t", "t", "t", "t", "t", "t", "t", "t", "t", "t", "t", "t", "t", "t", "t", "t", "t", "t", "t", "t", "t", "t", "t", "t", "t", "t", "t", "t", "t", "t", "t", "t", "t", "t", "t", "t", "t", "t", "t", "t", "t", "t", "t", "t", "t", "t", "t", "t", "t", "t", "t", "t", "t", "t", "t", "t", "t", "t", "t", "t", "t", "t", "t", "t", "t", "t", "t", "t", "t", "t"], "initial_reset_timestamp": 1550948090.0343242, "episode_lengths": [200, 200, 200, 200, 200, 200, 200, 200, 200, 200, 200, 200, 200, 67, 200, 200, 200, 200, 200, 200, 200, 200, 200, 200, 101, 200, 200, 200, 200, 140, 200, 200, 200, 200, 200, 200, 200, 200, 200, 200, 200, 200, 200, 200, 200, 200, 200, 200, 200, 200, 200, 200, 200, 200, 200, 200, 200, 200, 200, 200, 200, 200, 200, 200, 200, 200, 200, 200, 200, 200, 200, 200, 200, 200, 200, 200, 200, 200, 200, 200, 200, 200, 200, 200, 200, 200, 200, 200, 200, 200, 200, 200, 200, 200, 200, 200, 200, 200, 200, 200], "timestamps": [1550948092.7869887, 1550948095.25579, 1550948095.3579273, 1550948095.3920326, 1550948095.4215498, 1550948095.4542675, 1550948095.485013, 1550948095.5152893, 1550948098.632747, 1550948098.754084, 1550948098.7956996, 1550948098.8385613, 1550948098.8742092, 1550948098.8859396, 1550948098.9222085, 1550948098.9528813, 1550948098.986519, 1550948099.0214882, 1550948099.0516086, 1550948099.098496, 1550948099.1549816, 1550948099.191887, 1550948099.2277253, 1550948099.2589135, 1550948099.276504, 1550948099.3114343, 1550948099.3456957, 1550948102.8622067, 1550948103.0448916, 1550948103.0827177, 1550948103.1233296, 1550948103.1632388, 1550948103.1964238, 1550948103.2262714, 1550948103.2591372, 1550948103.2885966, 1550948103.3224442, 1550948103.3531613, 1550948103.401869, 1550948103.432412, 1550948103.4662423, 1550948103.4991975, 1550948103.5383215, 1550948103.5729485, 1550948103.6183805, 1550948103.6491504, 1550948103.6868775, 1550948103.7200508, 1550948103.756132, 1550948103.7900221, 1550948103.8242557, 1550948103.8551908, 1550948103.8856838, 1550948103.9243839, 1550948103.9563286, 1550948103.9904835, 1550948104.020542, 1550948104.0545979, 1550948104.085804, 1550948104.1200218, 1550948104.153245, 1550948104.1879566, 1550948104.2195508, 1550948104.2498076, 1550948106.9064324, 1550948107.0006123, 1550948107.0404866, 1550948107.0760844, 1550948107.1115644, 1550948107.1494462, 1550948107.1869867, 1550948107.2208538, 1550948107.2539916, 1550948107.2884796, 1550948107.3179624, 1550948107.3532205, 1550948107.3882961, 1550948107.4242926, 1550948107.4580953, 1550948107.4916, 1550948107.5312872, 1550948107.561996, 1550948107.598646, 1550948107.6298585, 1550948107.664701, 1550948107.6950717, 1550948107.731934, 1550948107.7622755, 1550948107.7960846, 1550948107.829208, 1550948107.8667746, 1550948107.8988307, 1550948107.9288714, 1550948107.9625895, 1550948107.9932535, 1550948108.03373, 1550948108.066519, 1550948108.0969503, 1550948108.1308897, 1550948108.1626892], "episode_rewards": [200.0, 200.0, 200.0, 200.0, 200.0, 200.0, 200.0, 200.0, 200.0, 200.0, 200.0, 200.0, 200.0, 67.0, 200.0, 200.0, 200.0, 200.0, 200.0, 200.0, 200.0, 200.0, 200.0, 200.0, 101.0, 200.0, 200.0, 200.0, 200.0, 140.0, 200.0, 200.0, 200.0, 200.0, 200.0, 200.0, 200.0, 200.0, 200.0, 200.0, 200.0, 200.0, 200.0, 200.0, 200.0, 200.0, 200.0, 200.0, 200.0, 200.0, 200.0, 200.0, 200.0, 200.0, 200.0, 200.0, 200.0, 200.0, 200.0, 200.0, 200.0, 200.0, 200.0, 200.0, 200.0, 200.0, 200.0, 200.0, 200.0, 200.0, 200.0, 200.0, 200.0, 200.0, 200.0, 200.0, 200.0, 200.0, 200.0, 200.0, 200.0, 200.0, 200.0, 200.0, 200.0, 200.0, 200.0, 200.0, 200.0, 200.0, 200.0, 200.0, 200.0, 200.0, 200.0, 200.0, 200.0, 200.0, 200.0, 200.0]}